<?xml version="1.0" encoding="UTF-8" ?>
<document>
<!--The data in this file is primarily intended for consumption by Xilinx tools.
The structure and the elements are likely to change over the next few releases.
This means code written to parse this file will need to be revisited each subsequent release.-->
<application name="pa" timeStamp="Mon Oct 03 17:48:40 2016">
<section name="Project Information" visible="false">
<property name="ProjectID" value="9be97992d8de475db458eb82a01037de" type="ProjectID"/>
<property name="ProjectIteration" value="1" type="ProjectIteration"/>
</section>
<section name="PlanAhead Usage" visible="true">
<item name="Project Data">
<property name="SrcSetCount" value="1" type="SrcSetCount"/>
<property name="ConstraintSetCount" value="1" type="ConstraintSetCount"/>
<property name="DesignMode" value="RTL" type="DesignMode"/>
<property name="SynthesisStrategy" value="Vivado Synthesis Defaults" type="SynthesisStrategy"/>
<property name="ImplStrategy" value="Vivado Implementation Defaults" type="ImplStrategy"/>
</item>
<item name="Java Command Handlers">
<property name="CloseProject" value="1" type="JavaHandler"/>
<property name="CustomizeRSBBlock" value="3" type="JavaHandler"/>
<property name="EditInIPPackagerHandler" value="1" type="JavaHandler"/>
<property name="IPPackagerHandler" value="1" type="JavaHandler"/>
<property name="OpenProject" value="1" type="JavaHandler"/>
</item>
<item name="Gui Resources Info">
<property name="PAResourceCommand.PACommandNames_EDIT_IN_IP_PACKAGER, Edit in IP Packager" value="1" type="GuiResourceData"/>
<property name="PAResourceEtoH.FileSetPanel_FILE_SET_PANEL_TREE, [root, Design Sources, design_1_wrapper (design_1_wrapper.v" value="3" type="GuiResourceData"/>
<property name="PAResourceEtoH.FileSetPanel_FILE_SET_PANEL_TREE, [root, Design Sources, my_id_reg_v1_0 (my_id_reg_v1_0.v" value="8" type="GuiResourceData"/>
<property name="PAResourceEtoH.GenSettingTreeTablePanel_GEN_SETTING_TREE_TABLE, GP Slave AXI Interface ; GP Slave AXI Interface ; GP Slave AXI Interface, 2" value="1" type="GuiResourceData"/>
<property name="PAResourceEtoH.GenSettingTreeTablePanel_GEN_SETTING_TREE_TABLE, General ; General ; General, 0" value="2" type="GuiResourceData"/>
<property name="PAResourceEtoH.GettingStartedView_OPEN_PROJECT, Open Project" value="1" type="GuiResourceData"/>
<property name="PAResourceOtoP.PAViews_CODE, Code" value="2" type="GuiResourceData"/>
<property name="PAResourceOtoP.PackagerStepsPanel_PACKAGER_STEPS_LIST, Addressing and Memory, 5" value="1" type="GuiResourceData"/>
<property name="PAResourceOtoP.PackagerStepsPanel_PACKAGER_STEPS_LIST, Compatibility, 1" value="1" type="GuiResourceData"/>
<property name="PAResourceOtoP.PackagerStepsPanel_PACKAGER_STEPS_LIST, Customization GUI, 6" value="1" type="GuiResourceData"/>
<property name="PAResourceOtoP.PackagerStepsPanel_PACKAGER_STEPS_LIST, Customization Parameters, 3" value="1" type="GuiResourceData"/>
<property name="PAResourceOtoP.PackagerStepsPanel_PACKAGER_STEPS_LIST, File Groups, 2" value="1" type="GuiResourceData"/>
<property name="PAResourceOtoP.PackagerStepsPanel_PACKAGER_STEPS_LIST, Identification, 0" value="1" type="GuiResourceData"/>
<property name="PAResourceOtoP.PackagerStepsPanel_PACKAGER_STEPS_LIST, Ports and Interfaces, 4" value="1" type="GuiResourceData"/>
<property name="PAResourceOtoP.PackagerStepsPanel_PACKAGER_STEPS_LIST, Review and Package, 7" value="1" type="GuiResourceData"/>
<property name="PAResourceQtoS.SystemBuilderMenu_IP_DOCUMENTATION, IP Documentation" value="1" type="GuiResourceData"/>
<property name="PS-PL Configuration, PS-PL Configuration" value="1" type="GuiResourceData"/>
<property name="Peripheral I/O Pins, Peripheral I/O Pins" value="1" type="GuiResourceData"/>
<property name="RDIResource.BaseDialog_CANCEL, Cancel" value="1" type="GuiResourceData"/>
<property name="RDIResource.BaseDialog_OK, OK" value="2" type="GuiResourceData"/>
</item>
<item name="Other">
<property name="GuiMode" value="26" type="GuiMode"/>
<property name="BatchMode" value="0" type="BatchMode"/>
<property name="TclMode" value="24" type="TclMode"/>
</item>
</section>
</application>
</document>
