<?xml version="1.0" encoding="UTF-8" ?>
<document>
<!--The data in this file is primarily intended for consumption by Xilinx tools.
The structure and the elements are likely to change over the next few releases.
This means code written to parse this file will need to be revisited each subsequent release.-->
<application name="pa" timeStamp="Thu Sep 15 12:06:49 2016">
<section name="Project Information" visible="false">
<property name="ProjectID" value="7be429bc540f4ad282836d2d4e3da05e" type="ProjectID"/>
<property name="ProjectIteration" value="2" type="ProjectIteration"/>
</section>
<section name="PlanAhead Usage" visible="true">
<item name="Project Data">
<property name="SrcSetCount" value="1" type="SrcSetCount"/>
<property name="ConstraintSetCount" value="1" type="ConstraintSetCount"/>
<property name="DesignMode" value="RTL" type="DesignMode"/>
<property name="SynthesisStrategy" value="Vivado Synthesis Defaults" type="SynthesisStrategy"/>
<property name="ImplStrategy" value="Vivado Implementation Defaults" type="ImplStrategy"/>
</item>
<item name="Java Command Handlers">
<property name="CloseProject" value="1" type="JavaHandler"/>
<property name="IPPackagerHandler" value="2" type="JavaHandler"/>
<property name="IPPackagerWizardHandler" value="2" type="JavaHandler"/>
<property name="RunImplementation" value="1" type="JavaHandler"/>
<property name="RunSynthesis" value="1" type="JavaHandler"/>
<property name="ShowView" value="1" type="JavaHandler"/>
<property name="ui.views.b.h.f" value="1" type="JavaHandler"/>
</item>
<item name="Gui Resources Info">
<property name="FINISH, Finish" value="1" type="GuiResourceData"/>
<property name="NEXT, Next " value="4" type="GuiResourceData"/>
<property name="PAResourceCommand.PACommandNames_FIND_IN_FILES, Find in Files..." value="2" type="GuiResourceData"/>
<property name="PAResourceCommand.PACommandNames_IP_PACKAGER_WIZARD, Create and Package IP..." value="1" type="GuiResourceData"/>
<property name="PAResourceCommand.PACommandNames_REPORTS_WINDOW, View Reports" value="1" type="GuiResourceData"/>
<property name="PAResourceEtoH.FileSetPanel_FILE_SET_PANEL_TREE, [root, Design Sources, my_timer_v1_0 (my_timer_v1_0.v" value="8" type="GuiResourceData"/>
<property name="PAResourceEtoH.FileSetPanel_FILE_SET_PANEL_TREE, [root, Simulation Sources, sim_1, my_rng_v1_0 (my_rng_v1_0.v" value="2" type="GuiResourceData"/>
<property name="PAResourceEtoH.FileSetPanel_FILE_SET_PANEL_TREE, [root, Simulation Sources], 5" value="1" type="GuiResourceData"/>
<property name="PAResourceEtoH.FindAndReplaceAllDialog_CLOSE, Close" value="1" type="GuiResourceData"/>
<property name="PAResourceEtoH.FloatingTopDialog_IGNORE_AND_CONTINUE_WITH_INVALID_TOP, Ignore and continue with invalid top module" value="1" type="GuiResourceData"/>
<property name="PAResourceItoN.MainMenuMgr_EDIT, Edit" value="10" type="GuiResourceData"/>
<property name="PAResourceItoN.MainMenuMgr_FILE, File" value="2" type="GuiResourceData"/>
<property name="PAResourceItoN.MainMenuMgr_FLOW, Flow" value="8" type="GuiResourceData"/>
<property name="PAResourceItoN.MainMenuMgr_REPORT, Report" value="1" type="GuiResourceData"/>
<property name="PAResourceItoN.MainMenuMgr_TOOLS, Tools" value="8" type="GuiResourceData"/>
<property name="PAResourceItoN.MsgView_WARNING_MESSAGES, (String" value="1" type="GuiResourceData"/>
<property name="PAResourceItoN.NewIpWizard_CREATE_NEW_AXI4_IP_CREATE_AXI4, Create a new AXI4 peripheral. Create an AXI4 IP, driver, software test application, IP Integrator AXI4 BFM simulation and debug demonstration design." value="1" type="GuiResourceData"/>
<property name="PAResourceItoN.NewIpWizard_EDIT_IP, Edit IP" value="1" type="GuiResourceData"/>
<property name="PAResourceItoN.NewIpWizard_NAME_MYIP, my_timer" value="1" type="GuiResourceData"/>
<property name="RDIResource.BaseDialog_OK, OK" value="3" type="GuiResourceData"/>
<property name="RDIResource.HCodeEditor_SEARCH_TEXT_COMBO_BOX, slv_reg1, true" value="1" type="GuiResourceData"/>
<property name="RDIResource.HInputHandler_REPLACE_TEXT, Replace..." value="2" type="GuiResourceData"/>
<property name="RDIResourceCommand.RDICommands_SAVE_FILE, (String" value="1" type="GuiResourceData"/>
<property name="my_timer_v1_0.v, 168, 306" value="1" type="GuiResourceData"/>
<property name="my_timer_v1_0.v, 174, 300" value="1" type="GuiResourceData"/>
<property name="my_timer_v1_0.v, 267, 335" value="1" type="GuiResourceData"/>
<property name="my_timer_v1_0.v, 464, 285" value="1" type="GuiResourceData"/>
<property name="my_timer_v1_0.v, 98, 193" value="1" type="GuiResourceData"/>
<property name="my_timer_v1_0_S00_AXI.v, 129, 411" value="1" type="GuiResourceData"/>
<property name="my_timer_v1_0_S00_AXI.v, 202, 417" value="1" type="GuiResourceData"/>
<property name="my_timer_v1_0_S00_AXI.v, 203, 336" value="1" type="GuiResourceData"/>
<property name="my_timer_v1_0_S00_AXI.v, 281, 231" value="1" type="GuiResourceData"/>
<property name="my_timer_v1_0_S00_AXI.v, 281, 231, false, false, false, false, true" value="1" type="GuiResourceData"/>
<property name="my_timer_v1_0_S00_AXI.v, 289, 284" value="1" type="GuiResourceData"/>
<property name="my_timer_v1_0_S00_AXI.v, 382, 234" value="1" type="GuiResourceData"/>
<property name="my_timer_v1_0_S00_AXI.v, 391, 197, false, false, false, true, false" value="1" type="GuiResourceData"/>
<property name="my_timer_v1_0_S00_AXI.v, 392, 127, false, false, false, true, false" value="1" type="GuiResourceData"/>
</item>
<item name="Other">
<property name="GuiMode" value="13" type="GuiMode"/>
<property name="BatchMode" value="0" type="BatchMode"/>
<property name="TclMode" value="11" type="TclMode"/>
</item>
</section>
</application>
</document>
