<?xml version="1.0" encoding="UTF-8" ?>
<document>
<!--The data in this file is primarily intended for consumption by Xilinx tools.
The structure and the elements are likely to change over the next few releases.
This means code written to parse this file will need to be revisited each subsequent release.-->
<application name="pa" timeStamp="Thu Nov 24 14:52:27 2016">
<section name="Project Information" visible="false">
<property name="ProjectID" value="a33c3ce187a84a03b4034d62c065dadc" type="ProjectID"/>
<property name="ProjectIteration" value="9" type="ProjectIteration"/>
</section>
<section name="PlanAhead Usage" visible="true">
<item name="Project Data">
<property name="SrcSetCount" value="1" type="SrcSetCount"/>
<property name="ConstraintSetCount" value="1" type="ConstraintSetCount"/>
<property name="DesignMode" value="RTL" type="DesignMode"/>
<property name="SynthesisStrategy" value="Vivado Synthesis Defaults" type="SynthesisStrategy"/>
<property name="ImplStrategy" value="Vivado Implementation Defaults" type="ImplStrategy"/>
</item>
<item name="Java Command Handlers">
<property name="CloseProject" value="8" type="JavaHandler"/>
<property name="CreateTopHDL" value="3" type="JavaHandler"/>
<property name="CustomizeRSBBlock" value="8" type="JavaHandler"/>
<property name="ExportBitFile" value="4" type="JavaHandler"/>
<property name="NewExportHardware" value="1" type="JavaHandler"/>
<property name="OpenProject" value="7" type="JavaHandler"/>
<property name="ProjectSettingsCmdHandler" value="1" type="JavaHandler"/>
<property name="ReportIPStatus" value="3" type="JavaHandler"/>
<property name="RunBitgen" value="7" type="JavaHandler"/>
<property name="RunImplementation" value="1" type="JavaHandler"/>
<property name="RunSynthesis" value="1" type="JavaHandler"/>
<property name="ShowView" value="7" type="JavaHandler"/>
<property name="UpgradeIP" value="3" type="JavaHandler"/>
<property name="ValidateRSBDesign" value="2" type="JavaHandler"/>
<property name="ViewTaskRTLAnalysis" value="1" type="JavaHandler"/>
</item>
<item name="Gui Resources Info">
<property name="PAResourceCommand.PACommandNames_EXPORT_BITSTREAM_FILES, Export Bitstream File..." value="1" type="GuiResourceData"/>
<property name="PAResourceCommand.PACommandNames_OPEN_PROJECT, Open Project..." value="1" type="GuiResourceData"/>
<property name="PAResourceItoN.MainMenuMgr_EXPORT, Export" value="2" type="GuiResourceData"/>
<property name="PAResourceItoN.MainMenuMgr_FILE, File" value="4" type="GuiResourceData"/>
<property name="PAResourceItoN.MainMenuMgr_OPEN_RECENT_FILE, Open Recent File" value="1" type="GuiResourceData"/>
<property name="PAResourceItoN.MainMenuMgr_OPEN_RECENT_IP_LOCATION, Open Recent IP Location" value="1" type="GuiResourceData"/>
<property name="PAResourceItoN.MainMenuMgr_OPEN_RECENT_PROJECT, Open Recent Project" value="5" type="GuiResourceData"/>
</item>
<item name="Other">
<property name="GuiMode" value="39" type="GuiMode"/>
<property name="BatchMode" value="0" type="BatchMode"/>
<property name="TclMode" value="36" type="TclMode"/>
</item>
</section>
</application>
</document>
