<?xml version="1.0" encoding="UTF-8" ?>
<document>
<!--The data in this file is primarily intended for consumption by Xilinx tools.
The structure and the elements are likely to change over the next few releases.
This means code written to parse this file will need to be revisited each subsequent release.-->
<application name="pa" timeStamp="Thu Nov 24 19:55:40 2016">
<section name="Project Information" visible="false">
<property name="ProjectID" value="9a9a446de11d4455aff2e0d256aece44" type="ProjectID"/>
<property name="ProjectIteration" value="9" type="ProjectIteration"/>
</section>
<section name="PlanAhead Usage" visible="true">
<item name="Project Data">
<property name="SrcSetCount" value="1" type="SrcSetCount"/>
<property name="ConstraintSetCount" value="1" type="ConstraintSetCount"/>
<property name="DesignMode" value="RTL" type="DesignMode"/>
<property name="SynthesisStrategy" value="Vivado Synthesis Defaults" type="SynthesisStrategy"/>
<property name="ImplStrategy" value="Vivado Implementation Defaults" type="ImplStrategy"/>
</item>
<item name="Java Command Handlers">
<property name="CloseProject" value="6" type="JavaHandler"/>
<property name="CoreView" value="1" type="JavaHandler"/>
<property name="CreateBlockDesign" value="1" type="JavaHandler"/>
<property name="CreateTopHDL" value="5" type="JavaHandler"/>
<property name="CustomizeRSBBlock" value="31" type="JavaHandler"/>
<property name="EditDelete" value="3" type="JavaHandler"/>
<property name="EditProperties" value="1" type="JavaHandler"/>
<property name="ExportBitFile" value="7" type="JavaHandler"/>
<property name="ExportRSBTclScript" value="1" type="JavaHandler"/>
<property name="NewExportHardware" value="4" type="JavaHandler"/>
<property name="NewProject" value="2" type="JavaHandler"/>
<property name="OpenProject" value="11" type="JavaHandler"/>
<property name="ProjectSettingsCmdHandler" value="1" type="JavaHandler"/>
<property name="RegenerateRSBLayout" value="3" type="JavaHandler"/>
<property name="ReportIPStatus" value="3" type="JavaHandler"/>
<property name="RunBitgen" value="9" type="JavaHandler"/>
<property name="SaveRSBDesign" value="5" type="JavaHandler"/>
<property name="ShowProductGuide" value="3" type="JavaHandler"/>
<property name="ShowView" value="8" type="JavaHandler"/>
<property name="UpgradeIP" value="4" type="JavaHandler"/>
<property name="ValidateRSBDesign" value="4" type="JavaHandler"/>
</item>
<item name="Gui Resources Info">
<property name="PAResourceCommand.PACommandNames_EXPORT_BITSTREAM_FILES, Export Bitstream File..." value="1" type="GuiResourceData"/>
<property name="PAResourceItoN.MainMenuMgr_EXPORT, Export" value="2" type="GuiResourceData"/>
<property name="PAResourceItoN.MainMenuMgr_FILE, File" value="2" type="GuiResourceData"/>
<property name="PAResourceItoN.MainMenuMgr_OPEN_RECENT_FILE, Open Recent File" value="1" type="GuiResourceData"/>
<property name="PAResourceItoN.MainMenuMgr_OPEN_RECENT_IP_LOCATION, Open Recent IP Location" value="1" type="GuiResourceData"/>
<property name="PAResourceItoN.MainMenuMgr_OPEN_RECENT_PROJECT, Open Recent Project" value="1" type="GuiResourceData"/>
<property name="PAResourceItoN.MsgTreePanel_MESSAGE_VIEW_TREE, [, Vivado Commands, open_project H:/Documents/my_axi_timer/my_axi_timer.xpr. , [BD 41-1661] One or more IPs have been locked in the design 'design_1.bd'. Please run report_ip_status for more details and recommendations on how to fix this issue.. List of locked IPs:. design_1_my_id_reg_0_0. . ], 2, false" value="1" type="GuiResourceData"/>
<property name="PAResourceItoN.MsgView_INFORMATION_MESSAGES, (String" value="1" type="GuiResourceData"/>
<property name="RDIResource.BaseDialog_OK, OK" value="1" type="GuiResourceData"/>
</item>
<item name="Other">
<property name="GuiMode" value="39" type="GuiMode"/>
<property name="BatchMode" value="0" type="BatchMode"/>
<property name="TclMode" value="36" type="TclMode"/>
</item>
</section>
</application>
</document>
