<?xml version="1.0" encoding="UTF-8" ?>
<document>
<!--The data in this file is primarily intended for consumption by Xilinx tools.
The structure and the elements are likely to change over the next few releases.
This means code written to parse this file will need to be revisited each subsequent release.-->
<application name="pa" timeStamp="Wed Nov 30 22:31:15 2016">
<section name="Project Information" visible="false">
<property name="ProjectID" value="9f62560b4d664d228a47a9fe47b1263c" type="ProjectID"/>
<property name="ProjectIteration" value="1" type="ProjectIteration"/>
</section>
<section name="PlanAhead Usage" visible="true">
<item name="Project Data">
<property name="SrcSetCount" value="1" type="SrcSetCount"/>
<property name="ConstraintSetCount" value="1" type="ConstraintSetCount"/>
<property name="DesignMode" value="RTL" type="DesignMode"/>
<property name="SynthesisStrategy" value="Vivado Synthesis Defaults" type="SynthesisStrategy"/>
<property name="ImplStrategy" value="Vivado Implementation Defaults" type="ImplStrategy"/>
</item>
<item name="Java Command Handlers">
<property name="ArchiveProject" value="1" type="JavaHandler"/>
<property name="CloseProject" value="1" type="JavaHandler"/>
<property name="EditInIPPackagerHandler" value="1" type="JavaHandler"/>
<property name="IPPackagerHandler" value="1" type="JavaHandler"/>
<property name="OpenProject" value="1" type="JavaHandler"/>
<property name="WriteProjectTcl" value="1" type="JavaHandler"/>
</item>
<item name="Gui Resources Info">
<property name="PAResourceAtoD.ArchiveProjectDialog_CHOOSE_ARCHIVE_LOCATION, h:/documents/" value="1" type="GuiResourceData"/>
<property name="PAResourceCommand.PACommandNames_ARCHIVE_PROJECT, Archive Project..." value="1" type="GuiResourceData"/>
<property name="PAResourceCommand.PACommandNames_EDIT_IN_IP_PACKAGER, Edit in IP Packager" value="1" type="GuiResourceData"/>
<property name="PAResourceCommand.PACommandNames_WRITE_PROJECT_TCL, Write Project Tcl..." value="1" type="GuiResourceData"/>
<property name="PAResourceEtoH.FileSetPanel_FILE_SET_PANEL_TREE, [root, Design Sources, design_1_wrapper (design_1_wrapper.v" value="3" type="GuiResourceData"/>
<property name="PAResourceEtoH.GettingStartedView_OPEN_PROJECT, Open Project" value="1" type="GuiResourceData"/>
<property name="PAResourceItoN.MainMenuMgr_FILE, File" value="6" type="GuiResourceData"/>
<property name="PAResourceItoN.MainMenuMgr_OPEN_RECENT_PROJECT, Open Recent Project" value="2" type="GuiResourceData"/>
<property name="PAResourceQtoS.SystemBuilderMenu_IP_DOCUMENTATION, IP Documentation" value="1" type="GuiResourceData"/>
<property name="PAResourceTtoZ.WriteProjectTclDialog_DO_NOT_IMPORT_SOURCES, Do not import sources, false" value="1" type="GuiResourceData"/>
<property name="PAResourceTtoZ.WriteProjectTclDialog_PROJECT_TCL_FILE, (String" value="1" type="GuiResourceData"/>
<property name="PAResourceTtoZ.WriteProjectTclDialog_WRITE_ALL_PROPERTIES, Write all properties, true" value="1" type="GuiResourceData"/>
<property name="PAResourceTtoZ.WriteProjectTclDialog_WRITE_OBJECT_VALUES, Write object values, true" value="1" type="GuiResourceData"/>
<property name="RDIResource.BaseDialog_OK, OK" value="4" type="GuiResourceData"/>
</item>
<item name="Other">
<property name="GuiMode" value="47" type="GuiMode"/>
<property name="BatchMode" value="0" type="BatchMode"/>
<property name="TclMode" value="43" type="TclMode"/>
</item>
</section>
</application>
</document>
