<?xml version="1.0" encoding="UTF-8"?>
<GenRun Id="synth_1" LaunchPart="xc7z020clg484-1" LaunchTime="1473932843">
  <File Type="RDS-PROPCONSTRS" Name="my_rng_v1_0_drc_synth.rpt"/>
  <File Type="PA-TCL" Name="my_rng_v1_0.tcl"/>
  <File Type="RDS-RDS" Name="my_rng_v1_0.vds"/>
  <File Type="RDS-UTIL" Name="my_rng_v1_0_utilization_synth.rpt"/>
  <File Type="RDS-UTIL-PB" Name="my_rng_v1_0_utilization_synth.pb"/>
  <File Type="RDS-DCP" Name="my_rng_v1_0.dcp"/>
  <File Type="VDS-TIMINGSUMMARY" Name="my_rng_v1_0_timing_summary_synth.rpt"/>
  <File Type="VDS-TIMING-PB" Name="my_rng_v1_0_timing_summary_synth.pb"/>
  <FileSet Name="sources" Type="DesignSrcs" RelSrcDir="$PSRCDIR/sources_1">
    <Filter Type="Srcs"/>
    <File Path="$PPRDIR/../../Documents/ip_repo/my_rng_1.0/hdl/my_rng_v1_0_S00_AXI.v">
      <FileInfo>
        <Attr Name="UsedIn" Val="synthesis"/>
        <Attr Name="UsedIn" Val="simulation"/>
      </FileInfo>
    </File>
    <File Path="$PPRDIR/../../Documents/ip_repo/my_rng_1.0/hdl/my_rng_v1_0.v">
      <FileInfo>
        <Attr Name="UsedIn" Val="synthesis"/>
        <Attr Name="UsedIn" Val="simulation"/>
      </FileInfo>
    </File>
    <File Path="$PPRDIR/../../Documents/ip_repo/my_rng_1.0/component.xml">
      <FileInfo SFType="IPXACT"/>
    </File>
    <Config>
      <Option Name="DesignMode" Val="RTL"/>
      <Option Name="TopModule" Val="my_rng_v1_0"/>
      <Option Name="TopRTLFile" Val="$PPRDIR/../../Documents/ip_repo/my_rng_1.0/hdl/my_rng_v1_0.v"/>
    </Config>
  </FileSet>
  <FileSet Name="constrs_in" Type="Constrs" RelSrcDir="$PSRCDIR/constrs_1">
    <Filter Type="Constrs"/>
    <Config>
      <Option Name="ConstrsType" Val="XDC"/>
    </Config>
  </FileSet>
  <Strategy Version="1" Minor="2">
    <StratHandle Name="Vivado Synthesis Defaults" Flow="Vivado Synthesis 2016">
      <Desc>Vivado Synthesis Defaults</Desc>
    </StratHandle>
    <Step Id="synth_design"/>
  </Strategy>
</GenRun>
