<?xml version="1.0" encoding="UTF-8" ?>
<document>
<!--The data in this file is primarily intended for consumption by Xilinx tools.
The structure and the elements are likely to change over the next few releases.
This means code written to parse this file will need to be revisited each subsequent release.-->
<application name="pa" timeStamp="Thu Oct 13 17:58:56 2016">
<section name="Project Information" visible="false">
<property name="ProjectID" value="5d0bf7e4e29e45eeb9150cd6dcb476a6" type="ProjectID"/>
<property name="ProjectIteration" value="1" type="ProjectIteration"/>
</section>
<section name="PlanAhead Usage" visible="true">
<item name="Project Data">
<property name="SrcSetCount" value="1" type="SrcSetCount"/>
<property name="ConstraintSetCount" value="1" type="ConstraintSetCount"/>
<property name="DesignMode" value="RTL" type="DesignMode"/>
<property name="SynthesisStrategy" value="Vivado Synthesis Defaults" type="SynthesisStrategy"/>
<property name="ImplStrategy" value="Vivado Implementation Defaults" type="ImplStrategy"/>
</item>
<item name="Java Command Handlers">
<property name="CloseProject" value="1" type="JavaHandler"/>
<property name="CustomizeRSBBlock" value="3" type="JavaHandler"/>
<property name="EditInIPPackagerHandler" value="1" type="JavaHandler"/>
<property name="IPPackagerHandler" value="1" type="JavaHandler"/>
<property name="ReportIPStatus" value="1" type="JavaHandler"/>
<property name="RunBitgen" value="1" type="JavaHandler"/>
<property name="SaveRSBDesign" value="2" type="JavaHandler"/>
<property name="ShowSource" value="2" type="JavaHandler"/>
<property name="ShowView" value="1" type="JavaHandler"/>
<property name="UpgradeIP" value="1" type="JavaHandler"/>
<property name="ValidateRSBDesign" value="1" type="JavaHandler"/>
</item>
<item name="Gui Resources Info">
<property name="Interrupts, Interrupts" value="1" type="GuiResourceData"/>
<property name="Intr Enabled (INTR_ENABLED" value="3" type="GuiResourceData"/>
<property name="PAResourceAtoD.CmdMsgDialog_OPEN_MESSAGES_VIEW, Open Messages View" value="1" type="GuiResourceData"/>
<property name="PAResourceCommand.PACommandNames_AUTO_UPDATE_HIER, Hierarchy Update" value="3" type="GuiResourceData"/>
<property name="PAResourceCommand.PACommandNames_CLOSE_PROJECT, Close Project" value="1" type="GuiResourceData"/>
<property name="PAResourceCommand.PACommandNames_EDIT_IN_IP_PACKAGER, Edit in IP Packager" value="1" type="GuiResourceData"/>
<property name="PAResourceCommand.PACommandNames_GOTO_INSTANTIATION, Go To Source" value="2" type="GuiResourceData"/>
<property name="PAResourceCommand.PACommandNames_SAVE_RSB_DESIGN, save_rsb_design" value="2" type="GuiResourceData"/>
<property name="PAResourceCommand.PACommandNames_VALIDATE_RSB_DESIGN, System_validate_bd_design_rsb" value="1" type="GuiResourceData"/>
<property name="PAResourceEtoH.FileGroupFacetTable_REFRESH, (String" value="2" type="GuiResourceData"/>
<property name="PAResourceEtoH.FileSetPanel_FILE_SET_PANEL_TREE, [root, Constraints], 3, true" value="1" type="GuiResourceData"/>
<property name="PAResourceEtoH.FileSetPanel_FILE_SET_PANEL_TREE, [root, Design Sources, my_id_reg_v1_0 (my_id_reg_v1_0.v" value="28" type="GuiResourceData"/>
<property name="PAResourceEtoH.FlowNavigatorTreePanel_FLOW_NAVIGATOR_TREE, [, Program and Debug, Generate Bitstream], 25, false" value="1" type="GuiResourceData"/>
<property name="PAResourceEtoH.GICTreeTablePanel_GIC_TREE_TABLE, Fabric Interrupts ;  ; Enable PL Interrupts to PS and vice versa, 0" value="1" type="GuiResourceData"/>
<property name="PAResourceEtoH.GICTreeTablePanel_GIC_TREE_TABLE, Fabric Interrupts ;  ; Enable PL Interrupts to PS and vice versa, 0, Fabric Interrupts, 0, true" value="1" type="GuiResourceData"/>
<property name="PAResourceEtoH.GICTreeTablePanel_GIC_TREE_TABLE, IRQ_F2P[15:0] ; [91:84], [68:61] ; Enables 16-bit shared interrupt port from the PL. MSB is assigned the highest Interrupt ID of 91, 2, IRQ_F2P[15:0], 0, false" value="1" type="GuiResourceData"/>
<property name="PAResourceEtoH.GICTreeTablePanel_GIC_TREE_TABLE, PL-PS Interrupt Ports ; PL-PS Interrupt Ports ; PL-PS Interrupt Ports, 1" value="1" type="GuiResourceData"/>
<property name="PAResourceEtoH.GICTreeTablePanel_GIC_TREE_TABLE, PL-PS Interrupt Ports ; PL-PS Interrupt Ports ; PL-PS Interrupt Ports, 1, PL-PS Interrupt Ports, 0, true" value="1" type="GuiResourceData"/>
<property name="PAResourceItoN.IPStatusSectionPanel_UPGRADE_SELECTED, Upgrade Selected" value="1" type="GuiResourceData"/>
<property name="PAResourceItoN.MainMenuMgr_EXPORT, Export" value="2" type="GuiResourceData"/>
<property name="PAResourceItoN.MainMenuMgr_FILE, File" value="2" type="GuiResourceData"/>
<property name="PAResourceItoN.MainMenuMgr_OPEN_RECENT_FILE, Open Recent File" value="2" type="GuiResourceData"/>
<property name="PAResourceItoN.MainMenuMgr_OPEN_RECENT_IP_LOCATION, Open Recent IP Location" value="2" type="GuiResourceData"/>
<property name="PAResourceItoN.MainMenuMgr_OPEN_RECENT_PROJECT, Open Recent Project" value="1" type="GuiResourceData"/>
<property name="PAResourceItoN.MsgTreePanel_MESSAGE_VIEW_TREE, [, Vivado Commands, upgrade_ip -vlnv xilinx.com:user:my_id_reg:1.0 [get_ips  design_1_my_id_reg_0_1] -log ip_upgrade.log. , [Coretcl 2-1279] The upgrade of 'IP design_1_my_id_reg_0_1' has identified issues that may require user intervention. Please review the upgrade log 'h:/Documents/my_axi_pwm/ip_upgrade.log', and verify that the upgraded IP is correctly configured.. ], 2, false" value="2" type="GuiResourceData"/>
<property name="PAResourceItoN.MsgTreePanel_MESSAGE_VIEW_TREE, [, Vivado Commands, upgrade_ip -vlnv xilinx.com:user:my_id_reg:1.0 [get_ips  design_1_my_id_reg_0_1] -log ip_upgrade.log. , [Coretcl 2-1279] The upgrade of 'IP design_1_my_id_reg_0_1' has identified issues that may require user intervention. Please review the upgrade log 'h:/Documents/my_axi_pwm/ip_upgrade.log', and verify that the upgraded IP is correctly configured.. ], 2, false, false, false, false, false, true" value="1" type="GuiResourceData"/>
<property name="PAResourceOtoP.PAViews_CODE, Code" value="3" type="GuiResourceData"/>
<property name="PAResourceOtoP.PackagerStepsPanel_PACKAGER_STEPS_LIST, File Groups, 2" value="1" type="GuiResourceData"/>
<property name="PAResourceQtoS.SaveProjectUtils_SAVE, Save" value="1" type="GuiResourceData"/>
<property name="PAResourceQtoS.SelectMenu_HIGHLIGHT, Highlight" value="3" type="GuiResourceData"/>
<property name="PAResourceQtoS.SimpleOutputProductDialog_GENERATE_OUTPUT_PRODUCTS_IMMEDIATELY, Generate" value="1" type="GuiResourceData"/>
<property name="PAResourceQtoS.SrcMenu_IP_HIERARCHY, IP Hierarchy" value="2" type="GuiResourceData"/>
<property name="PAResourceQtoS.SrcMenu_REFRESH_HIERARCHY, Refresh Hierarchy" value="1" type="GuiResourceData"/>
<property name="PAResourceQtoS.SystemBuilderMenu_IP_DOCUMENTATION, IP Documentation" value="3" type="GuiResourceData"/>
<property name="PAResourceQtoS.SystemBuilderView_ORIENTATION, Orientation" value="2" type="GuiResourceData"/>
<property name="PAResourceQtoS.SystemTab_REPORT_IP_STATUS, Report IP Status" value="1" type="GuiResourceData"/>
<property name="PAResourceQtoS.SystemTreeView_SYSTEM_TREE, [design_1], 0, true" value="1" type="GuiResourceData"/>
<property name="PAResourceQtoS.SystemTreeView_SYSTEM_TREE, [design_1], 0, true, false, false, false, false, true" value="1" type="GuiResourceData"/>
<property name="RDIResource.BaseDialog_OK, OK" value="5" type="GuiResourceData"/>
<property name="RDIResource.ProgressDialog_BACKGROUND, Background" value="2" type="GuiResourceData"/>
<property name="Value, 0" value="1" type="GuiResourceData"/>
<property name="Value, 1" value="1" type="GuiResourceData"/>
<property name="my_id_reg_v1_0.v, 534, 103" value="1" type="GuiResourceData"/>
</item>
<item name="Other">
<property name="GuiMode" value="31" type="GuiMode"/>
<property name="BatchMode" value="0" type="BatchMode"/>
<property name="TclMode" value="29" type="TclMode"/>
</item>
</section>
</application>
</document>
