<?xml version="1.0" encoding="UTF-8" ?>
<document>
<!--The data in this file is primarily intended for consumption by Xilinx tools.
The structure and the elements are likely to change over the next few releases.
This means code written to parse this file will need to be revisited each subsequent release.-->
<application name="pa" timeStamp="Mon Oct 17 11:38:35 2016">
<section name="Project Information" visible="false">
<property name="ProjectID" value="369517d5cc81420eb298260d8e814b9d" type="ProjectID"/>
<property name="ProjectIteration" value="1" type="ProjectIteration"/>
</section>
<section name="PlanAhead Usage" visible="true">
<item name="Project Data">
<property name="SrcSetCount" value="1" type="SrcSetCount"/>
<property name="ConstraintSetCount" value="1" type="ConstraintSetCount"/>
<property name="DesignMode" value="RTL" type="DesignMode"/>
<property name="SynthesisStrategy" value="Vivado Synthesis Defaults" type="SynthesisStrategy"/>
<property name="ImplStrategy" value="Vivado Implementation Defaults" type="ImplStrategy"/>
</item>
<item name="Java Command Handlers">
<property name="AutoInferInterfaceHandler" value="1" type="JavaHandler"/>
<property name="CloseProject" value="1" type="JavaHandler"/>
<property name="CoreView" value="1" type="JavaHandler"/>
<property name="CustomizeCore" value="1" type="JavaHandler"/>
<property name="CustomizeRSBBlock" value="1" type="JavaHandler"/>
<property name="EditInIPPackagerHandler" value="1" type="JavaHandler"/>
<property name="EditProperties" value="1" type="JavaHandler"/>
<property name="IPPackagerHandler" value="1" type="JavaHandler"/>
</item>
<item name="Gui Resources Info">
<property name="PAResourceAtoD.CoreTreeTablePanel_CORE_TREE_TABLE, my_id_reg_v1.0 ; AXI4 ; Pre-Production ; Included ; xilinx.com:user:my_id_reg:2.0, 2" value="1" type="GuiResourceData"/>
<property name="PAResourceAtoD.CoreTreeTablePanel_CORE_TREE_TABLE, my_id_reg_v1.0 ; AXI4 ; Pre-Production ; Included ; xilinx.com:user:my_id_reg:2.0, 2, my_id_reg_v1.0, 0, false" value="1" type="GuiResourceData"/>
<property name="PAResourceAtoD.CoreTreeTablePanel_CORE_TREE_TABLE, my_id_reg_v1.0 ; AXI4 ; Pre-Production ; Included ; xilinx.com:user:my_id_reg:2.0, 2, my_id_reg_v1.0, 0, false, false, false, false, false, true" value="1" type="GuiResourceData"/>
<property name="PAResourceAtoD.CoreTreeTablePanel_CORE_TREE_TABLE, my_id_reg_v1.0 ; AXI4 ; Pre-Production ; Included ; xilinx.com:user:my_id_reg:2.0, 2, my_id_reg_v1.0, 0, false, false, false, false, true, false" value="1" type="GuiResourceData"/>
<property name="PAResourceCommand.PACommandNames_CORE_GEN, IP Catalog" value="1" type="GuiResourceData"/>
<property name="PAResourceCommand.PACommandNames_EDIT_IN_IP_PACKAGER, Edit in IP Packager" value="1" type="GuiResourceData"/>
<property name="PAResourceCommand.PACommandNames_PACKAGER_AUTO_INFER_INTERFACE, Package IP_packager_auto_infer_interface" value="1" type="GuiResourceData"/>
<property name="PAResourceEtoH.EditPortDialog_NO, Mandatory" value="2" type="GuiResourceData"/>
<property name="PAResourceEtoH.EditPortDialog_YES, Optional" value="2" type="GuiResourceData"/>
<property name="PAResourceEtoH.FileSetPanel_FILE_SET_PANEL_TREE, [root, Design Sources, design_1_wrapper (design_1_wrapper.v" value="3" type="GuiResourceData"/>
<property name="PAResourceItoN.InterfaceDefinitionTreeTable_INTERFACES_TREE_TABLE, Signal ; , 3" value="2" type="GuiResourceData"/>
<property name="PAResourceItoN.MainMenuMgr_TOOLS, Tools" value="4" type="GuiResourceData"/>
<property name="PAResourceItoN.MainMenuMgr_WINDOW, Window" value="6" type="GuiResourceData"/>
<property name="PAResourceOtoP.PackagerStepsPanel_PACKAGER_STEPS_LIST, Addressing and Memory, 5" value="3" type="GuiResourceData"/>
<property name="PAResourceOtoP.PackagerStepsPanel_PACKAGER_STEPS_LIST, Compatibility, 1" value="2" type="GuiResourceData"/>
<property name="PAResourceOtoP.PackagerStepsPanel_PACKAGER_STEPS_LIST, Customization GUI, 6" value="1" type="GuiResourceData"/>
<property name="PAResourceOtoP.PackagerStepsPanel_PACKAGER_STEPS_LIST, Customization Parameters, 3" value="1" type="GuiResourceData"/>
<property name="PAResourceOtoP.PackagerStepsPanel_PACKAGER_STEPS_LIST, Identification, 0" value="1" type="GuiResourceData"/>
<property name="PAResourceOtoP.PackagerStepsPanel_PACKAGER_STEPS_LIST, Ports and Interfaces, 4" value="2" type="GuiResourceData"/>
<property name="PAResourceOtoP.PackagerStepsPanel_PACKAGER_STEPS_LIST, Review and Package, 7" value="1" type="GuiResourceData"/>
<property name="PAResourceOtoP.PortAndInterfaceFacetTable_EDIT_PORT, Edit Port..." value="1" type="GuiResourceData"/>
<property name="PAResourceOtoP.PortAndInterfaceFacetTable_PORT_AND_INTERFACE_FACET_TABLE, Clock and Reset Signals ;  ;  ;  ;  ;  ;  ;  ;  ;  ; , 20" value="2" type="GuiResourceData"/>
<property name="PAResourceOtoP.PortAndInterfaceFacetTable_PORT_AND_INTERFACE_FACET_TABLE, S00_AXI ; slave ;  ; false ;  ;  ;  ;  ;  ;  ; , 0" value="1" type="GuiResourceData"/>
<property name="PAResourceOtoP.PortAndInterfaceFacetTable_PORT_AND_INTERFACE_FACET_TABLE, irq ;  ;  ;  ; out ;  ;  ;  ;  ;  ; wire, 2, irq, 0, false" value="2" type="GuiResourceData"/>
<property name="PAResourceOtoP.PortAndInterfaceFacetTable_PORT_AND_INTERFACE_FACET_TABLE, irq ;  ;  ;  ; out ;  ;  ;  ;  ;  ; wire, 21" value="1" type="GuiResourceData"/>
<property name="PAResourceOtoP.PortAndInterfaceFacetTable_PORT_AND_INTERFACE_FACET_TABLE, irq ;  ;  ;  ; out ;  ;  ;  ;  ;  ; wire, 21, (String" value="4" type="GuiResourceData"/>
<property name="PAResourceOtoP.PortAndInterfaceFacetTable_PORT_AND_INTERFACE_FACET_TABLE, irq ;  ;  ;  ; out ;  ;  ;  ;  ;  ; wire, 21, irq, 0, false, false, false, false, true, false" value="1" type="GuiResourceData"/>
<property name="PAResourceOtoP.PortAndInterfaceFacetTable_PORT_AND_INTERFACE_FACET_TABLE, null, -1, null, -1, false, false, false, false, true, false" value="1" type="GuiResourceData"/>
<property name="PAResourceQtoS.SaveProjectUtils_DONT_SAVE, Don't Save" value="1" type="GuiResourceData"/>
<property name="PAResourceQtoS.SelectMenu_HIGHLIGHT, Highlight" value="1" type="GuiResourceData"/>
<property name="RDIResource.BaseDialog_CANCEL, Cancel" value="6" type="GuiResourceData"/>
<property name="RDIResource.BaseDialog_OK, OK" value="2" type="GuiResourceData"/>
<property name="RDIResourceCommand.RDICommands_PROPERTIES, System Net Properties..." value="1" type="GuiResourceData"/>
</item>
<item name="Other">
<property name="GuiMode" value="34" type="GuiMode"/>
<property name="BatchMode" value="0" type="BatchMode"/>
<property name="TclMode" value="31" type="TclMode"/>
</item>
</section>
</application>
</document>
