<?xml version="1.0" encoding="UTF-8" ?>
<document>
<!--The data in this file is primarily intended for consumption by Xilinx tools.
The structure and the elements are likely to change over the next few releases.
This means code written to parse this file will need to be revisited each subsequent release.-->
<application name="pa" timeStamp="Fri Oct 21 20:32:00 2016">
<section name="Project Information" visible="false">
<property name="ProjectID" value="dbb9c6cf949749fe879c39f3c3ef0eda" type="ProjectID"/>
<property name="ProjectIteration" value="1" type="ProjectIteration"/>
</section>
<section name="PlanAhead Usage" visible="true">
<item name="Project Data">
<property name="SrcSetCount" value="1" type="SrcSetCount"/>
<property name="ConstraintSetCount" value="1" type="ConstraintSetCount"/>
<property name="DesignMode" value="RTL" type="DesignMode"/>
<property name="SynthesisStrategy" value="Vivado Synthesis Defaults" type="SynthesisStrategy"/>
<property name="ImplStrategy" value="Vivado Implementation Defaults" type="ImplStrategy"/>
</item>
<item name="Java Command Handlers">
<property name="CloseProject" value="1" type="JavaHandler"/>
<property name="EditInIPPackagerHandler" value="1" type="JavaHandler"/>
<property name="IPPackagerHandler" value="1" type="JavaHandler"/>
<property name="IPPackagerWizardHandler" value="1" type="JavaHandler"/>
<property name="OpenProject" value="1" type="JavaHandler"/>
</item>
<item name="Gui Resources Info">
<property name="BACK,  Back" value="2" type="GuiResourceData"/>
<property name="CANCEL, Cancel" value="1" type="GuiResourceData"/>
<property name="NEXT, Next " value="5" type="GuiResourceData"/>
<property name="PAResourceCommand.PACommandNames_CLOSE_PROJECT, Close Project" value="1" type="GuiResourceData"/>
<property name="PAResourceCommand.PACommandNames_EDIT_IN_IP_PACKAGER, Edit in IP Packager" value="1" type="GuiResourceData"/>
<property name="PAResourceCommand.PACommandNames_IP_PACKAGER_WIZARD, Create and Package IP..." value="1" type="GuiResourceData"/>
<property name="PAResourceEtoH.FileSetPanel_FILE_SET_PANEL_TREE, [root, Design Sources, design_1_wrapper (design_1_wrapper.v" value="5" type="GuiResourceData"/>
<property name="PAResourceEtoH.FileSetPanel_FILE_SET_PANEL_TREE, [root, Design Sources, my_in_port_v1_0 (my_in_port_v1_0.v" value="3" type="GuiResourceData"/>
<property name="PAResourceEtoH.GettingStartedView_OPEN_PROJECT, Open Project" value="1" type="GuiResourceData"/>
<property name="PAResourceItoN.MainMenuMgr_FILE, File" value="2" type="GuiResourceData"/>
<property name="PAResourceItoN.MainMenuMgr_REPORT, Report" value="1" type="GuiResourceData"/>
<property name="PAResourceItoN.MainMenuMgr_TOOLS, Tools" value="2" type="GuiResourceData"/>
<property name="PAResourceItoN.NewIpWizard_CREATE_NEW_AXI4_IP_CREATE_AXI4, Create a new AXI4 peripheral. Create an AXI4 IP, driver, software test application, IP Integrator AXI4 BFM simulation and debug demonstration design." value="1" type="GuiResourceData"/>
<property name="PAResourceOtoP.PlanAheadTab_REFRESH_IP_CATALOG, Refresh IP Catalog" value="1" type="GuiResourceData"/>
<property name="PAResourceQtoS.SystemBuilderMenu_IP_DOCUMENTATION, IP Documentation" value="1" type="GuiResourceData"/>
<property name="RDIResource.BaseDialog_OK, OK" value="2" type="GuiResourceData"/>
<property name="my_in_port_v1_0_S00_AXI.v, 206, 144" value="1" type="GuiResourceData"/>
<property name="my_in_port_v1_0_S00_AXI.v, 297, 113" value="1" type="GuiResourceData"/>
<property name="my_in_port_v1_0_S00_AXI.v, 367, 125" value="1" type="GuiResourceData"/>
<property name="my_in_port_v1_0_S00_AXI.v, 516, 239" value="1" type="GuiResourceData"/>
</item>
<item name="Other">
<property name="GuiMode" value="35" type="GuiMode"/>
<property name="BatchMode" value="0" type="BatchMode"/>
<property name="TclMode" value="32" type="TclMode"/>
</item>
</section>
</application>
</document>
